Workbook

Sheet Test Cases
A1: ID | B1: Categoria | C1: Priorità | D1: Descrizione | E1: Precondizioni | F1: Input / Dati di test | G1: Passi di esecuzione | H1: Output atteso | I1: Esito effettivo | J1: Stato | K1: Data esecuzione | L1: Tester | M1: Note
A2: TC-EXP-001 | B2: Export PDF | C2: Alta | D2: Generazione PDF valida | E2: Record validi presenti in VIEW_H2H_SEI_PDF con BLOB valorizzato | F2: Record Oracle con FILE_COMUNICAZIONE valido | G2: Invocare POST /api/seipdf/export-pdf; verificare filesystem e DB | H2: PDF creato in E:\DaInviare; STATO=50; flag SEIPDF/INVIATO aggiornati; log inseriti | I2: Conforme | J2: OK | K2: 46055 | L2: Francesco Matraxia
A3: TC-EXP-002 | B3: Export PDF | C3: Media | D3: Nessun record disponibile | E3: La view non restituisce record elaborabili | F3: VIEW_H2H_SEI_PDF vuota o senza record idonei | G3: Invocare export-pdf | H3: Nessun PDF creato; risposta con total=0 o exported=0; log informativo | I3: Conforme | J3: OK | K3: 46055 | L3: Francesco Matraxia
A4: TC-EXP-003 | B4: Export PDF | C4: Alta | D4: BLOB nullo | E4: Record presente ma FILE_COMUNICAZIONE nullo o vuoto | F4: Record Oracle con BLOB null | G4: Invocare export-pdf | H4: File non creato; nullBlob incrementato; STATO=92; log errore/warning | I4: Conforme | J4: OK | K4: 46055 | L4: Francesco Matraxia
A5: TC-EXP-004 | B5: Export PDF | C5: Media | D5: Verifica nomenclatura PDF | E5: Record valido con campi FR/FF, centro costo, elaborazione, tipo, servizio valorizzati | F5: Metadati completi nel record | G5: Invocare export-pdf e controllare nome file generato | H5: Nome file conforme al formato storico: FR/FF_Cx<elaborazione>_<tipo>_<servizio>.pdf | I5: Conforme | J5: OK | K5: 46055 | L5: Francesco Matraxia
A6: TC-EXP-005 | B6: Export PDF | C6: Alta | D6: Directory output non accessibile | E6: Directory E:\DaInviare non accessibile o senza permessi di scrittura | F6: Permessi filesystem rimossi o path non disponibile | G6: Invocare export-pdf | H6: Errore gestito; errors incrementato; log dettaglio; eventuale STATO=92 sul record | I6: Conforme | J6: OK | K6: 46055 | L6: Francesco Matraxia
A7: TC-EXP-006 | B7: Export PDF | C7: Media | D7: Elevato numero di record | E7: Disponibilità di molti record validi | F7: Dataset > 1000 record oppure MaxRecords impostato per stress test | G7: Invocare export-pdf | H7: Processo completato senza crash; uso memoria stabile; conteggi coerenti | I7: Conforme | J7: OK | K7: 46055 | L7: Francesco Matraxia
A8: TC-EXP-007 | B8: Export PDF | C8: Media | D8: Limite MaxRecords | E8: Parametro MaxRecords valorizzato > 0 | F8: Più record disponibili rispetto al limite configurato | G8: Invocare export-pdf | H8: Elaborati al massimo MaxRecords record; risposta coerente | I8: Conforme | J8: OK | K8: 46055 | L8: Francesco Matraxia
A9: TC-EXP-008 | B9: Export PDF | C9: Alta | D9: Errore DB durante lettura | E9: Database non raggiungibile o credenziali errate in ambiente test | F9: Connection string non valida o DB offline | G9: Invocare export-pdf | H9: HTTP 500 o errore gestito; log applicativo dettagliato; nessun file parziale incoerente | I9: Conforme | J9: OK | K9: 46055 | L9: Francesco Matraxia
A10: TC-ZIP-001 | B10: ZIP | C10: Alta | D10: Creazione ZIP corretta | E10: PDF validi presenti in E:\DaInviare | F10: PDF conformi al pattern FR_/FF_ + Cx | G10: Invocare POST /api/seipdf/create-zip | H10: ZIP creato; file .t creato; PDF zippati eliminati; mapping ZIP-PDF inserito su DB | I10: Conforme | J10: OK | K10: 46055 | L10: Francesco Matraxia
A11: TC-ZIP-002 | B11: ZIP | C11: Alta | D11: Rispetto limite dimensione ZIP | E11: PDF multipli presenti in E:\DaInviare | F11: Dataset dimensionato per superare 15 MB se in unico ZIP | G11: Invocare create-zip | H11: Creati più ZIP; ogni ZIP entro limite configurato; nessun lotto rifiutabile per dimensione | I11: Conforme | J11: OK | K11: 46055 | L11: Francesco Matraxia
A12: TC-ZIP-003 | B12: ZIP | C12: Media | D12: Nessun PDF presente | E12: Cartella E:\DaInviare senza PDF | F12: Directory vuota o solo ZIP/.t | G12: Invocare create-zip | H12: Nessun ZIP creato; totalPdfFound=0; log informativo | I12: Conforme | J12: OK | K12: 46055 | L12: Francesco Matraxia
A13: TC-ZIP-004 | B13: ZIP | C13: Alta | D13: PDF singolo troppo grande | E13: PDF singolo oltre limite massimo configurato | F13: File PDF > MaxZipSizeMb | G13: Invocare create-zip | H13: Nessun ZIP valido creato per quel PDF; log warning; file originale non perso | I13: Conforme | J13: OK | K13: 46055 | L13: Francesco Matraxia
... A24: TC-FTP-003 | B24: Invio FTP | C24: Alta | D24: .t senza ZIP associato inviato | E24: File .t presente ma ZIP associato non presente in E:\Inviati | F24: PM_*.t in DaInviare senza ZIP in Inviati | G24: Invocare /inviaFtp | H24: .t saltato; messaggio di skip; file resta in DaInviare | I24: Conforme | J24: OK | K24: 46055 | L24: Francesco Matraxia
A25: TC-FTP-004 | B25: Invio FTP | C25: Media | D25: Nessun file da inviare | E25: Cartella DaInviare priva di ZIP e .t | F25: Directory vuota o solo PDF | G25: Invocare /inviaFtp | H25: Output 'Nessun file da inviare'; nessun errore | J25: OK | K25: 46055 | L25: Francesco Matraxia
A26: TC-FTP-005 | B26: Invio FTP | C26: Alta | D26: Errore connessione FTPS | E26: Server FTPS non raggiungibile o credenziali errate in test | F26: Configurazione FTP non valida o server offline | G26: Invocare /inviaFtp | H26: Upload fallito; errore loggato; file resta in DaInviare per retry | I26: Conforme | J26: OK | K26: 46055 | L26: Francesco Matraxia
A27: TC-FTP-006 | B27: Invio FTP | C27: Media | D27: Invio massivo ordinato | E27: Più ZIP presenti in DaInviare | F27: File con nomi diversi | G27: Invocare /inviaFtp | H27: ZIP processati in ordine alfabetico | I27: Conforme | J27: OK | K27: 46055 | L27: Francesco Matraxia
A28: TC-FTP-007 | B28: Invio FTP | C28: Media | D28: Invio singolo file tramite nomeFile | E28: File specifico presente in DaInviare | F28: {"nomeFile":"PM_FR_C2_0002757.zip"} | G28: Invocare POST /inviaFtp con JSON | H28: Solo il file indicato viene processato | I28: Conforme | J28: OK | K28: 46055 | L28: Francesco Matraxia
A29: TC-FTP-008 | B29: Invio FTP | C29: Media | D29: nomeFile non esistente | E29: Richiesta con nomeFile inesistente | F29: {"nomeFile":"file_non_presente.zip"} | G29: Invocare POST /inviaFtp | H29: HTTP 400 File non trovato | I29: Conforme | J29: OK | K29: 46055 | L29: Francesco Matraxia
A30: TC-FTP-009 | B30: Invio FTP | C30: Alta | D30: Spostamento file in Inviati | E30: Upload completato con successo | F30: ZIP o .t valido | G30: Invocare /inviaFtp | H30: File spostato da DaInviare a Inviati con retry in caso di lock | I30: Conforme | J30: OK | K30: 46055 | L30: Francesco Matraxia
A31: TC-FTP-010 | B31: Invio FTP | C31: Alta | D31: Aggiornamento log DB invio | E31: Upload completato con successo | F31: Lotto noto | G31: Invocare /inviaFtp; verificare DB | H31: H2H_SEIPDF_LOG aggiornato con INVIATO=1 e DATA_INVIO; log tecnico inserito | I31: Conforme | J31: OK | K31: 46055 | L31: Francesco Matraxia
A32: TC-FTP-011 | B32: Invio FTP | C32: Media | D32: File readonly | E32: File da inviare con attributo readonly | F32: Impostare attributo readonly su ZIP | G32: Invocare /inviaFtp | H32: Upload OK; attributo gestito; file spostato oppure errore loggato dopo retry | I32: Conforme | J32: OK | K32: 46055 | L32: Francesco Matraxia
A33: TC-MAIL-001 | B33: Mail | C33: Alta | D33: Parsing email valida | E33: Email non letta con oggetto rilevante e allegato valido | F33: Email Postel con XML esito | G33: Invocare GET /api/Mail/download-unread | H33: Allegato salvato; XML processato; stato lotto aggiornato; email marcata letta | I33: Conforme | J33: OK | K33: 46055 | L33: Francesco Matraxia
A34: TC-MAIL-002 | B34: Mail | C34: Media | D34: Email non rilevante | E34: Email non letta con oggetto non configurato | F34: Oggetto fuori SubjectsOfInterest | G34: Invocare download-unread | H34: Email ignorata; warning/log; non marcata come elaborazione rilevante | I34: Conforme | J34: OK | K34: 46055 | L34: Francesco Matraxia
A35: TC-MAIL-003 | B35: Mail | C35: Media | D35: Email senza allegato | E35: Email rilevante ma senza allegati | F35: Oggetto valido, nessun attachment | G35: Invocare download-unread | H35: Nessun file salvato; email marcata letta se rilevante; log coerente | I35: Conforme | J35: OK | K35: 46055 | L35: Francesco Matraxia
A36: TC-MAIL-004 | B36: Mail | C36: Alta | D36: Allegato XML non valido | E36: Email rilevante con allegato malformato | F36: XML non valido o contenuto non parseabile | G36: Invocare download-unread | H36: Errore loggato; nessun aggiornamento stato errato; processo continua | I36: Conforme | J36: OK | K36: 46055 | L36: Francesco Matraxia
A37: TC-MAIL-005 | B37: Mail | C37: Media | D37: Limite MaxEmailsToRead | E37: Più email non lette del limite configurato | F37: Casella con molte email non lette | G37: Invocare download-unread | H37: Elaborate al massimo le prime MaxEmailsToRead email | I37: Conforme | J37: OK | K37: 46055 | L37: Francesco Matraxia
... A53: TC-SCH-004 | B53: Scheduler | C53: Alta | D53: Esecuzione corretta job Mail | E53: Task Scheduler configurato | F53: Script PowerShell mail presente | G53: Avviare task manualmente | H53: Endpoint mail invocato; log creato | I53: Conforme | J53: OK | K53: 46055 | L53: Francesco Matraxia
A54: TC-SCH-005 | B54: Scheduler | C54: Media | D54: Esecuzione concorrente | E54: Task non deve sovrapporsi alla stessa istanza | F54: Avviare due esecuzioni ravvicinate | G54: Nessun conflitto o duplicazione; comportamento scheduler conforme | I54: Conforme | J54: OK | K54: 46055 | L54: Francesco Matraxia
A55: TC-SCH-006 | B55: Scheduler | C55: Media | D55: Retry automatico ciclo successivo | E55: Errore temporaneo su DB/FTP/FS | F55: Simulare errore e poi ripristinare | G55: Attendere ciclo successivo | H55: Processo riprende correttamente dal filesystem/DB | I55: Conforme | J55: OK | K55: 46055 | L55: Francesco Matraxia
A56: TI-001 | B56: Integrazione | C56: Alta | D56: Flusso completo nominale | E56: Ambiente completo disponibile | F56: Record DB valido, FTPS raggiungibile, email esito disponibile | G56: Eseguire export → zip → ftp → mail | H56: Lotto raggiunge stato ELABORATO; file in Inviati; log DB coerenti | I56: Conforme | J56: OK | K56: 46055 | L56: Francesco Matraxia
A57: TI-002 | B57: Integrazione | C57: Alta | D57: Flusso con errore FTP e retry | E57: ZIP creato; FTPS temporaneamente non disponibile | F57: Disabilitare FTPS durante primo invio | G57: Eseguire ftp; ripristinare FTPS; rieseguire | H57: Primo ciclo errore; secondo ciclo invia correttamente senza duplicazioni | I57: Conforme | J57: OK | K57: 46055 | L57: Francesco Matraxia
A58: TI-003 | B58: Integrazione | C58: Media | D58: Email esito ritardata | E58: Lotto inviato ma nessuna email immediata | F58: Postel invia esito successivamente | G58: Eseguire mail prima e dopo arrivo email | H58: Prima run senza aggiornamento; seconda run aggiorna stato | I58: Conforme | J58: OK | K58: 46055 | L58: Francesco Matraxia
A59: TI-004 | B59: Integrazione | C59: Alta | D59: Pipeline con più gruppi FR/FF | E59: PDF appartenenti a più gruppi | F59: Dataset misto FR_C1, FR_C2, FF_C1 | G59: Eseguire flusso completo | H59: ZIP separati per gruppo; invio e stati coerenti per ogni lotto | I59: Conforme | J59: OK | K59: 46055 | L59: Francesco Matraxia

Sheet Riepilogo
A1: Riepilogo Test SeiPDF
A3: Metrica | B3: Formula | C3: Valore | D3: Note
A4: Totale test | B4: =COUNTA('Test Cases'!A2:A1000) -> 58 | C4: =COUNTA('Test Cases'!A2:A1000) -> 58
A5: Test OK | B5: =COUNTIF('Test Cases'!J:J,"OK") -> 58 | C5: =COUNTIF('Test Cases'!J:J,"OK") -> 58
A6: Test KO | B6: =COUNTIF('Test Cases'!J:J,"KO") -> 0 | C6: =COUNTIF('Test Cases'!J:J,"KO") -> 0
A7: Da eseguire | B7: =COUNTIF('Test Cases'!J:J,"Da eseguire") -> 0 | C7: =COUNTIF('Test Cases'!J:J,"Da eseguire") -> 0
A8: Bloccati | B8: =COUNTIF('Test Cases'!J:J,"Bloccato") -> 0 | C8: =COUNTIF('Test Cases'!J:J,"Bloccato") -> 0
A9: % completamento | B9: =IF(C4=0,0,C5/C4) -> 1 | C9: =IF(C4=0,0,C5/C4) -> 1 | D9: OK / Totale test
A12: Categoria | B12: Totale | C12: OK | D12: KO
A13: Export PDF | B13: =COUNTIF('Test Cases'!B:B,A13) -> 8 | C13: =COUNTIFS('Test Cases'!B:B,A13,'Test Cases'!J:J,"OK") -> 8 | D13: =COUNTIFS('Test Cases'!B:B,A13,'Test Cases'!J:J,"KO") -> 0
A14: Filesystem | B14: =COUNTIF('Test Cases'!B:B,A14) -> 4 | C14: =COUNTIFS('Test Cases'!B:B,A14,'Test Cases'!J:J,"OK") -> 4 | D14: =COUNTIFS('Test Cases'!B:B,A14,'Test Cases'!J:J,"KO") -> 0
A15: Health | B15: =COUNTIF('Test Cases'!B:B,A15) -> 3 | C15: =COUNTIFS('Test Cases'!B:B,A15,'Test Cases'!J:J,"OK") -> 3 | D15: =COUNTIFS('Test Cases'!B:B,A15,'Test Cases'!J:J,"KO") -> 0
A16: Integrazione | B16: =COUNTIF('Test Cases'!B:B,A16) -> 4 | C16: =COUNTIFS('Test Cases'!B:B,A16,'Test Cases'!J:J,"OK") -> 4 | D16: =COUNTIFS('Test Cases'!B:B,A16,'Test Cases'!J:J,"KO") -> 0
A17: Invio FTP | B17: =COUNTIF('Test Cases'!B:B,A17) -> 11 | C17: =COUNTIFS('Test Cases'!B:B,A17,'Test Cases'!J:J,"OK") -> 11 | D17: =COUNTIFS('Test Cases'!B:B,A17,'Test Cases'!J:J,"KO") -> 0
A18: Mail | B18: =COUNTIF('Test Cases'!B:B,A18) -> 10 | C18: =COUNTIFS('Test Cases'!B:B,A18,'Test Cases'!J:J,"OK") -> 10 | D18: =COUNTIFS('Test Cases'!B:B,A18,'Test Cases'!J:J,"KO") -> 0
A19: Scheduler | B19: =COUNTIF('Test Cases'!B:B,A19) -> 6 | C19: =COUNTIFS('Test Cases'!B:B,A19,'Test Cases'!J:J,"OK") -> 6 | D19: =COUNTIFS('Test Cases'!B:B,A19,'Test Cases'!J:J,"KO") -> 0
A20: ZIP | B20: =COUNTIF('Test Cases'!B:B,A20) -> 12 | C20: =COUNTIFS('Test Cases'!B:B,A20,'Test Cases'!J:J,"OK") -> 12 | D20: =COUNTIFS('Test Cases'!B:B,A20,'Test Cases'!J:J,"KO") -> 0

Sheet Istruzioni
A1: Istruzioni di utilizzo
A3: 1. Usare il foglio 'Test Cases' per eseguire e documentare i test.
A4: 2. Filtrare per categoria, priorità o stato tramite i filtri nella prima riga.
A5: 3. Compilare 'Esito effettivo', 'Stato', 'Data esecuzione', 'Tester' e 'Note'.
A6: 4. Il campo 'Stato' usa dropdown con: Da eseguire, OK, KO, Bloccato, Non applicabile.
A7: 5. I colori automatici evidenziano priorità e stato.
A8: 6. Il foglio 'Riepilogo' contiene conteggi automatici per monitorare l'avanzamento.
